"Gene3","Gene10","Gene11","Gene19","Gene28","Gene31","Gene32","Gene40","Gene43","Gene44","Gene50","Gene57","Gene58","Gene70","Gene71","Gene81","Gene87","Gene116","Gene121","Gene122","Gene129","Gene138","Gene152","Gene161","Gene168","Gene172","Gene173","Gene174","Gene175","Gene177","Gene182","Gene183","Gene187","Gene196","Gene197","Gene198","Gene201","Gene210","Gene221","Gene226"
0.8627921336,0.100209818,0.3384818378,-0.6736051397,0.9555414004,0.1182014172,0.0927942874,-0.8397123193,0.7454358916,-0.8445843743,-0.4210146704,-1.9021232562,1.4035789991,0.0470829096,-1.5577396824,-0.390069647,0.2721752361,1.9096171374,1.6289982758,0.1839320543,-1.1003949648,1.1703610373,-1.1320617686,-1.1925148424,0.5090419078,-1.0112933966,1.4567076532,-0.8545630836,1.1030795594,0.2363957486,0.4330332258,0.64198622,-0.567899177,-0.106585747,-0.9478411418,0.5298271777,1.7544499714,-0.6314432167,0.4165056541,-0.2148527728
0.7233286975,-0.9210176652,0.0107520988,2.0697654387,0.7616734218,0.3360294693,1.8643480661,1.3714470272,-0.0486289096,-0.7550061348,0.3011124696,-1.2056494639,0.9846674354,-0.3523802289,-0.797389824,0.2474794779,0.8048055005,0.5222596718,0.0532557385,1.068188569,-0.9053541416,-0.6803850051,-0.9704371915,-0.7325613294,1.0523887746,-0.3500356031,1.8364152701,0.7384587054,-1.456981925,0.7342753831,-0.2211346662,-0.3767334466,0.6419960124,-0.2837938744,-0.8432976819,-1.5813061241,0.8103779683,0.8522376748,1.0869850042,0.2117918424
-0.6067880874,0.8066806732,0.9353446396,-0.4765658522,0.0674193849,-1.0849664565,0.5447699433,1.1129976678,0.0148656057,0.750718879,-0.2643535016,-1.0357450042,1.7436359322,2.1300353977,0.2406409033,0.9180943094,-0.3854196655,0.2384913434,-0.9506134912,-0.7240401488,-2.3147952458,-0.2878784081,-0.0870537433,1.3198125034,0.6010592709,0.2103605057,0.0078444888,-0.1386886087,-0.2026810336,-0.5289363086,1.2758959462,-0.563298572,0.2162076337,0.7721145114,0.1397265015,-0.8876213711,1.3850597373,0.6155975814,0.6443428208,0.6002203161
-1.0383156952,1.9980066327,-0.0101564759,-0.8011869431,-0.2848253354,0.0817330841,-0.4837919208,-0.0081244254,-1.4964429673,1.0441318802,0.1546228705,0.4823798758,0.1925139471,-0.0980109148,0.253553649,0.3878024994,2.0257048999,0.3147601541,0.5413500234,0.2272326353,-0.3301198132,-0.0479864286,1.1511202573,-1.0588090795,-0.1442247974,-2.2864235232,-0.3347280396,1.3450267534,-1.0319525108,-1.5955543582,-0.8073913505,-0.6790639569,-0.9478759781,0.688452925,0.7528927255,-1.0917984573,1.1226136737,1.2573172564,-0.3868976548,-1.7926179706
-0.7019082473,-0.1886911055,0.7072785453,-1.4211083742,-0.9662736666,-1.7002753255,1.5001665743,-0.8718707302,-0.4946699957,-0.0280695031,0.0796098462,-0.033203205,0.4368253706,1.4179330056,1.8112743075,1.5492896718,-0.0268627432,-0.7156691806,-1.2340930702,-0.4233258722,1.2244963919,0.4567298889,0.7346131961,1.3430758589,-1.0168863866,-1.0304551552,0.2573492075,0.700925969,-0.9294630924,1.8147611486,-0.1085276517,1.8189272169,0.8960756762,0.6057812368,-0.8281855994,-0.4942253409,0.3591321352,-0.8157786253,1.6572239466,0.1257398686
-0.7974704878,-0.7880511939,0.7471394512,-0.2466428069,-1.0422382671,-0.0509900183,0.524653037,0.2692855543,0.0379017146,0.3479316276,0.2070230082,1.1341243126,-0.2354457909,0.5912795984,0.2447627999,0.6525044527,-2.0869294704,1.3637680707,0.5768872577,1.0031460762,2.0640279551,-0.9202358008,-1.1103916044,-0.7748225626,0.3914131445,1.1886171797,-0.6088526594,0.7925157296,1.1745103242,0.7854705386,2.208232439,-0.5441639629,-0.2173915756,0.8904278438,-0.2063076095,0.2995759482,-0.5956635695,-1.7241169496,-1.3967472323,-0.2654023124
-1.2106749873,-0.9197293312,-0.3106351326,0.1602005816,-0.9157665859,-1.6017470052,-0.2654540378,0.2795617366,-1.2435728655,-1.5809510073,-0.3033829637,0.3127518317,-0.1242017081,-0.3066023238,0.2307599515,0.0844690907,0.3041320032,0.3202527984,-1.1016630724,0.9388383336,0.8003454805,-0.9048255058,-0.623329982,-0.2917588366,-0.3628036794,-0.6287308629,-1.6337145022,-0.2047747345,1.1104486665,1.4511604424,0.6789897584,1.613366502,1.6134863924,0.4364835636,0.4650632512,0.5335681714,1.0219588063,0.1283134231,0.2553173735,-0.0735311191
0.4453086111,1.8124457706,1.9879756726,-1.2056730609,0.4404997594,-0.1065476419,-0.747355532,-0.0636058904,-2.1126175546,0.5916736429,-0.5603432884,0.4302767195,-1.2591520707,0.1546296248,-0.3094835067,0.4865467367,-1.3253681622,1.8246185101,1.3401422674,-1.0825510571,0.394118936,-0.7916348879,0.0374123942,0.452141151,-0.2913880781,0.6864752533,-0.583468447,1.3102263282,-1.1987371881,-0.8861416478,0.5482564644,-0.4441715563,-1.5286311505,0.0929364535,1.4362640288,-1.0861817058,1.0691877776,0.5329868128,-0.9534777432,0.4284032057
1.5084556513,0.8254126241,1.3137333021,-0.0708678916,0.0401434579,-1.0388671268,-0.299373889,-0.4072735882,1.3888617617,0.5171249701,-0.4175437231,-0.7131284543,1.3058386295,2.0522390243,-0.5500040495,-1.2332024483,3.3275200532,1.0900908698,1.686150912,1.0963809472,0.2719345378,0.6036387769,-1.7493589713,0.9436349902,-0.4249858155,-1.0141181261,-0.9883762282,-0.7575276427,1.4458908415,1.1242508686,-0.5854281903,1.1306329105,-1.1800078347,-1.2164709568,1.7310521614,-0.4567134564,0.170264751,0.1896058924,0.1789820058,1.3550147591
0.3084651615,-0.3315859628,1.0137006832,-1.2362184965,0.8185870846,-0.5139956861,-0.0423931566,-1.3019589201,1.7867444882,-0.6383844436,-0.9455678535,0.325076223,1.5987870177,-0.0986024027,1.128619611,1.25657681,1.3172397677,-1.2752981034,-0.6432661677,-2.2192744222,-1.0109857127,-0.9884912425,1.4320622916,-0.9292008271,-1.431473047,-0.9630828651,0.4275055325,2.2136225881,-1.1592334247,-1.0290656649,1.7510761217,-1.9691894246,0.6612763648,-0.0840639313,1.374868193,0.56585463,-0.6670304116,-0.2202311849,0.933146907,-1.0963778485
1.3128400021,0.6813745804,0.2352426214,-1.2446568899,0.2643690155,0.4460228591,0.7452483226,-0.6843895707,1.6895190552,1.0850554323,-0.1835748466,-0.3051400461,0.8657864314,-0.5263702412,1.2918451041,1.3351541001,-0.6510221766,-1.4690523985,-1.0672030266,-1.4211872492,-0.9275088884,-0.210591775,0.4631962236,-0.6284958068,-0.3783804805,-0.1559064656,0.1559529,-0.8331467297,1.6016423219,-0.2623895578,0.8162606533,-0.4427124849,0.0675079046,-0.3576533978,0.9920432025,0.2835003068,-0.7047950409,0.5929552657,-1.3609612651,-0.1528525775
1.2832707396,-1.232586461,-0.2639629711,0.1040738756,-0.7053391062,-0.7764658403,-1.0187047853,-0.752703094,1.1863524373,0.6913638768,-0.6118603261,2.2212992232,-1.2268473982,1.9815574321,-0.2104336429,0.5838231248,-0.8243656876,-0.8407187652,-1.2995880884,0.2262441176,0.9451231878,1.5936691418,-0.1099160739,0.9889526614,0.8898839253,-0.189863228,0.109239866,1.1760904629,0.5245980475,0.8046669999,0.2786302034,0.1325864697,0.5836004642,-0.2294712812,-1.1265972674,0.1786487144,1.3882511737,0.0937674044,-1.1200593272,-0.5775515875
-1.4138233304,-0.143139548,-0.0525172516,1.6851386381,-1.339890644,-0.3480060483,0.5771451109,0.2821415771,-0.4706595043,-0.3538592857,0.3371500007,0.2479606309,-0.4388890615,-2.5370386597,1.3321121444,1.0656792023,3.0782789779,-0.7187917695,-3.6178987618,1.4774332471,-1.2936444557,-1.4665522021,1.3546420828,-0.9817924645,-1.0143446082,-1.7681969251,1.520658935,-0.5124029361,-1.8162010495,-0.4503842088,-0.158886247,0.3831931051,1.4117694537,0.1647810715,-0.8139941281,0.3612360293,-0.1752131422,-0.1936836436,0.4256275707,1.1085983609
-0.3491636099,0.2698534998,0.0691853038,-0.5880230625,-0.0336005993,1.3785273283,-1.4519232899,-0.9989718013,1.0611610247,-0.8451230964,0.9077794102,0.1080736314,-0.1848304013,-1.0072682586,-0.3556438198,1.2451527372,0.7695989324,1.4861906684,-0.3569660468,0.2868143775,0.2236906849,0.1201224066,1.4713830297,-1.1114980366,-0.2820479847,0.1926776065,-0.649757313,0.5628762706,0.7668810672,0.4232847511,-1.9713316551,0.6312984705,0.4267362167,-0.2485429682,0.2247098746,0.0658648416,0.0598322985,1.06447266,0.3043792303,-2.2690859196
0.7494498298,0.887942594,3.0780371071,0.130007921,-2.0084578973,-0.8722546206,0.57123212,0.2225083222,0.5763618019,-1.5483570491,0.6313386562,-1.5958921609,0.6524667996,-0.0834323867,-1.7905085194,-1.0423560701,-1.3416918608,0.2782227372,0.8702847629,0.6438673071,-0.7309547894,0.0411399599,-0.6188497888,-0.0055974757,0.7338449678,1.8452860901,0.8616030326,-1.9151393365,0.6036758028,0.5251596185,-1.0017813293,-0.5128832489,0.3861065063,1.0091363951,-0.2997915131,2.2771817013,-0.504148082,1.8001179801,-1.2724293159,0.9739820436
0.0171379478,1.3633239293,0.7831600314,0.5854614041,1.4688941193,-0.2562400424,0.7088484538,0.1774787278,-0.4492864373,0.6414565347,-0.4181425356,2.4413233019,1.3673735029,-0.0611098532,-0.59034691,-0.7497983769,-0.9036490697,-0.548726865,-1.1849284886,-1.3577060794,-0.0896553842,-0.6195233639,0.3195259016,0.971122122,0.2156475112,0.4836274988,-2.5990751264,0.2965939708,-1.1093463215,1.0677007406,1.1478837915,-1.2121338885,-0.9558482157,-0.8480174141,-0.8135567319,0.2746174337,-0.7140153835,0.5530414261,-0.884682915,1.213138572
0.7187645541,-0.4127277049,0.3208427665,0.201126301,-0.2656435548,-0.0076514718,-1.4327024819,-0.3651110791,-0.3885880972,-0.5197634232,0.364170509,-1.4230571641,0.8738691398,1.1267826034,0.4980494924,0.1770016408,-0.0437219466,-1.8802241843,0.1985883583,-0.5107852005,1.6788354033,1.0241251326,1.0401840106,0.5425452762,0.4879705598,-0.2652980379,1.4476977403,1.0517299734,0.5077450295,0.5130177216,2.3888748992,-0.5306292919,0.216168455,-0.0750218803,0.0388464905,0.9843775503,0.9120025836,-1.3668176926,-0.0375521284,-0.4795158276
1.2750980577,-0.9481996003,-0.6504481428,0.492281952,-0.0325781149,-0.0381554577,0.5660387559,0.1697938662,0.6404850317,1.2799674952,-0.1790549924,-0.5883669688,1.8780293005,-1.3990884248,-0.4072513259,-0.0740153387,-0.0347128233,-0.6212241469,-1.1990330504,0.4712256296,-1.1875602954,0.5229120248,1.9280817864,-0.0160465141,-0.5017956937,-1.3543054134,0.597631903,-0.1643253022,2.2470891831,-0.7138835677,1.5936002954,-1.0945287724,1.0110214525,0.3716897858,0.7081101035,0.2240732614,-0.6486998805,0.4181224204,0.5468175942,-0.4721944665
-0.2121964429,0.163021968,-0.3379652189,-1.1100148909,0.3852914377,-0.6646472084,-1.8845702685,0.5634920111,-1.6594030899,-0.5175111801,3.3069029821,-1.5327453182,1.0753919455,2.106575339,-0.5046728182,0.3687701945,-0.5047282067,0.1191925829,-0.6523393231,-1.0837992432,-1.5572004467,0.6661621054,0.0403372251,1.181644643,2.8821225097,-0.0662906131,0.5112405831,-1.8617004544,1.2556916186,-0.3533578757,1.0419542923,-0.3123875242,0.2386103468,-0.6438404462,0.5535964351,-1.2192022273,-0.085763974,1.593225553,0.0186615608,-0.5130730126
-0.3577093785,-1.0008609298,0.1188516645,-0.8892550446,2.1587743245,0.1600999544,-0.4938612315,-0.243102427,0.6473216737,1.4560026305,-0.7373046375,-0.7284546507,0.0486034112,-0.2508078281,-1.8491046137,-0.0915998299,0.7818502401,0.1840749181,-0.0634062294,0.0709734158,-0.1231522413,0.5849265554,0.0204167801,-1.8704655549,-1.0702690048,0.428634104,1.684615794,0.584963227,-0.7631438623,-0.9403948575,0.731167293,-0.9166453316,-0.2233811174,-1.7723625651,0.0037353818,-0.0945791607,-0.3091154563,1.0339434988,-0.1345436469,0.2281444757
0.1309688534,0.2033170045,-0.4006615642,0.1287550536,0.3967915537,0.7813336258,-0.0400967644,-0.9944224005,0.9803053476,-0.0432594966,-0.7234658894,-1.3204929169,-0.2355732601,1.4783238475,0.3456851459,0.5395957101,-0.2630490194,-1.3365787259,1.8246563496,-1.4944440461,0.3776662775,1.0471942942,0.5111106445,0.8970011934,-1.0839648848,1.5692904274,2.7787117457,0.5173909055,-0.8237947272,0.9640379883,0.7318241816,0.8313694469,-0.5730871919,-0.6257992377,2.0439692303,-0.1379039494,0.6087636787,-2.3248254605,0.2363400344,-0.8027269512
1.304410671,-0.1908683809,-0.046011458,0.3660647527,-0.7470915721,-1.5047161293,0.3903079144,-0.0846085746,0.6783927325,-1.7757651365,-1.788536145,-1.8395612506,-0.1188368967,-1.0181948929,0.7020121238,-0.4016897309,-0.0946689659,-0.4113515747,-1.1323109933,-0.5439042791,-1.0481142646,0.1328157394,-0.5386413455,0.5038456449,-0.0189076949,0.2722260707,1.2975177227,0.0093308438,1.2179192523,0.8799477538,0.3404132657,-0.1436052869,-0.181589625,0.1990847761,0.0202457161,-0.5454501804,-0.5479063141,1.2597688416,0.7348272262,0.7639706096
-0.0793215054,-0.6730523661,1.1841748605,-1.6116266281,0.0032248606,-0.08116495,-0.7035921216,-1.2445333736,0.0879581759,-1.8513961706,0.372464809,-0.3714140406,-1.0614042274,-0.5403333213,-0.3923388886,0.955934308,-0.9557044611,0.0983198825,0.1717665802,-1.303912388,0.4634846519,0.2903668902,-0.9958798802,0.4673317957,-0.115103679,1.9530672601,-0.8230628352,0.9251219411,-0.8845931985,1.4440607574,0.017260221,0.1979156811,0.5583024248,0.0404486867,0.1622356462,-0.4583766477,-0.2763671368,-0.9880347039,1.1101801166,-0.9965890675
-2.8521892185,-0.7231539486,-0.4166788353,0.3804851779,-1.2824010073,-1.201886719,-0.1379537423,0.4349608551,-0.2879353479,1.187120148,0.5987596971,-1.9005877399,0.6789657019,-0.1597711399,0.246019161,-0.6507496832,-0.5233440033,-0.4569872134,0.043227132,-0.5281529305,-0.9064902951,-1.5730019073,1.2033703698,0.5642963761,0.8306834927,2.1578910488,-0.1625747599,1.2100146582,-0.3704086903,-0.4048380772,-0.8556231986,0.8187098784,0.4174104274,-0.1122312503,1.3861797241,-1.1041168914,2.0276890547,2.0267420322,-0.2242350126,-0.2985588935
-0.8112311436,0.2474805366,-2.8994968416,-0.7147603928,-0.8762196182,-0.2443331535,-0.875837487,1.4675310236,-0.2836903487,-0.9371717123,1.5686047009,1.0722773088,0.1037580859,-0.5573416846,1.5044163786,0.5233129681,0.9513074158,-1.6070665469,0.597928463,1.043776312,-0.6391014673,-0.2228710116,-1.368236955,-0.0314210002,-0.7515250122,-0.6610008886,-2.0509279933,0.447787844,-0.4929984397,0.6490740869,-0.3013923875,-0.2517527827,-0.4494497335,-0.217682809,0.3466589803,-1.4776516999,-1.1900359825,0.4187159431,-0.1500381248,0.9158832996
-1.814981062,-0.6914811608,-0.7683380494,-0.3904904951,-1.1610019501,-1.3226309657,-0.8502412284,-0.6334474292,0.5371557759,-0.6962604306,-1.2906440251,0.1177117934,1.9730557173,-2.0247707436,-0.0914032124,1.2716942076,1.0480185941,-1.0048513085,-1.1213448171,-0.8880291313,-0.3185532887,-0.7548848242,1.1230304939,-0.5569034,0.3711904737,0.7198196986,-0.1834507961,1.4276203182,0.0225594464,-0.3066804408,0.5874907484,0.4438950853,-0.6376389096,-0.7539301925,-1.3104810792,2.961425906,0.6867969271,0.7166759635,0.2022904047,-0.1201979458
-0.2066155644,-1.51497489,-1.4229609267,-0.606111244,-0.7051282289,-2.7275301456,1.5452975055,0.8582943257,-1.0992998258,0.2029118329,1.1093052829,-0.0082652012,2.4543443352,-0.1896681918,-0.2378173777,0.9156562866,0.2917488532,-0.4292719334,-0.9661995133,0.5710102317,-0.6724130238,-0.1243908305,-0.3996407792,-1.5203642953,-0.4047326252,-0.609574833,0.6720858544,-0.7619264065,1.3985499863,-2.1578407586,0.7422524385,-1.2550965164,0.0425204684,0.0193141466,-0.5463914333,0.4932280382,0.3887878205,0.7844179678,1.9479065099,0.4055215682
2.4728503196,-0.4123135349,-0.1486424186,1.2628770618,-0.1996287993,-2.0357759776,-0.3451989366,-0.5953229037,-0.7290106444,-0.5838839903,1.1637884042,-0.307012352,-0.7373808952,-1.2142647959,0.0137712699,-1.8693162164,1.9196581233,0.0114271172,0.2820698704,-1.6753654709,0.4988698879,1.7085303879,1.3826252414,0.5489922612,-0.5650932044,-1.6553174403,-0.7719504102,-0.4065438182,0.3625724519,-1.1057730537,0.8870737499,-1.3974360652,0.5998724403,-0.3349725465,1.4074539788,-1.5725738412,-0.5937579329,0.8144852731,-0.9419208644,-1.1061006327
0.2128521231,1.3623393781,0.6284161926,1.4964570483,-0.0821932858,0.540505497,2.0961920827,0.242314788,-1.2966827211,-0.9060134392,0.26270125,-1.6378287805,-0.2246240663,0.6033462235,0.5798403271,-2.5572671403,-0.488280174,-1.3324161276,0.3814205269,0.8795995167,-1.9974338105,1.0711896153,-2.9179689552,0.4154176167,0.6866518045,-0.0072026834,0.7977980224,-0.4638012033,-0.3456043478,1.6357608103,0.4799630386,-0.152100936,-0.3007381955,1.0281259758,0.4557852073,0.1100986206,0.2856590979,2.0240865758,-0.5176083142,2.7683351553
1.9595330739,0.5182130069,-0.100107897,-1.4905990035,-0.7130462233,-0.6322946907,-0.8468422983,0.0658352488,0.3578064504,0.170209466,0.25843296,-0.8124226557,0.8308654941,-1.255588593,0.0677107638,2.1548287296,0.0095644503,1.4905469513,-0.271989015,-1.0568923114,-0.7628121496,1.2669361206,0.1857415797,-0.5131310882,0.2134136255,0.6852097928,-0.6550391593,-0.7453287858,-0.0205340327,-0.1810492615,-0.0800670473,0.1744782076,-0.5673742412,-0.3419220054,0.7811969196,-1.1823343836,-1.0615744045,0.4715926094,0.195908608,0.4435831729
0.6907779423,0.4562005343,-0.2656249197,-2.279491037,0.1360078751,-0.246713061,-0.5193331144,0.2870762754,0.0635891187,-1.9696656872,-1.6913532167,1.0184850098,1.2556005361,-1.2382475761,-0.8289395606,2.0452456932,0.665870602,0.0465322377,1.4305108544,1.1136146736,0.4614657654,1.5813590391,-0.0462367587,0.4269059605,0.5485383622,0.4026110039,-0.5660324634,0.7314109028,-0.3153652445,1.9533196225,-2.1450603036,0.6970106718,-1.8803039748,-1.614638494,-1.0164364574,-0.4980328227,0.7687132082,0.6549081539,2.3939945559,-1.3423061802
-0.5136622686,0.1622737203,0.5302968276,-0.6971290655,1.0666239464,2.3943085485,-1.8956446145,-0.8581486761,0.1806221824,1.0815968159,1.3314575692,-0.0627546672,1.6135859723,-1.7920537473,-0.4279687121,1.100181712,1.3577882828,-0.4185126238,-0.6717808005,-1.2368519577,0.0929061665,-2.0195090559,-1.4938971684,0.5762569531,-1.1992277494,-0.6897284501,0.3875378138,-1.8229831134,1.3155329459,-0.8382765394,-0.5675878286,0.7361634083,1.6943296863,-0.2979807378,-0.8985852364,1.5834424423,0.4451187599,1.9288896687,0.5542487901,1.8323589282
-0.7220692564,-0.7400629416,-0.6320525153,0.4994967023,-0.2299464995,1.3499877867,0.0103435551,-0.7751416018,-0.3784813489,-1.0667674473,0.4377118026,1.7602227859,1.8654045268,1.3497301287,-0.4253011142,0.1321093227,0.6933514781,-0.076220436,-0.1807186669,0.2971643404,-0.1105275912,-0.4499761691,-0.5594182562,-1.169695616,0.8499661358,-1.5741998485,-2.0931261105,1.8113450753,-0.8835853487,1.3902402988,0.0871149082,-1.1230133276,-0.8061619441,1.5921908263,1.2754577722,0.1299539836,-1.0094315831,-0.3378661232,0.7874185171,-0.4735594849
0.5439396583,-0.190765717,-1.1417408528,1.4475019578,-1.8651612773,-0.2475474506,0.5808834392,0.4891108813,-1.4596204645,0.9714054508,1.7719177523,-0.5787912401,0.67237778,1.6134560015,0.7301387765,-2.0814444979,-0.3523080742,-0.5962334209,-1.9463323069,-0.2830371792,0.9891828818,-0.60741419,1.856200006,0.9844802515,1.0961843715,0.2300485975,0.1360921039,1.4653838884,-1.8927058379,-1.957883015,-0.8415965245,0.1370845576,1.1758885951,-0.6053492062,-2.5841259906,2.208492665,0.0931949723,0.6328156793,-0.4817713821,-1.2920261881
-0.3136498607,0.7683738633,1.2283003762,-2.7202007915,-0.0354908028,0.4018907221,-1.7862791036,1.0850776255,-0.7765880434,-1.122973449,0.448154456,0.5312317975,-1.6606373081,-1.47067061,-0.1152528768,2.1751532213,1.482618053,0.8193591657,-0.3071221151,-0.1481595128,-1.0477350497,1.0055219434,-1.3303138177,-0.3392104589,-1.2022962657,0.8021092646,-0.8724635822,0.1331790718,0.0961472148,0.287680894,-0.7543900807,-0.4752177614,0.9613911737,-1.5437705077,0.3418384453,-0.5413433909,0.8118367162,0.0869688161,-1.2123573893,0.0121127509
1.3430603542,-1.1676731303,-1.2049536469,-0.2193688128,0.5999853025,0.8014401126,0.8431654974,-0.8060109977,0.2298600554,-0.7100762541,0.1446690844,1.4343025456,-0.4999950721,0.0669129346,-0.2060484728,0.4391372214,0.7957485355,-0.4214321997,0.4183572049,0.6980378523,0.344260448,0.1742501537,-0.8722772856,-0.8991410369,-0.8778867477,0.0796287961,1.0641212033,-0.1288899142,-1.1547383783,0.6570426961,1.6576831051,0.1147018655,-1.2536286071,0.1806876465,0.1853990809,1.1122835809,0.2802905023,0.0270115224,0.1579913934,0.8407104223
0.3434337604,0.9694042203,-0.4138169011,0.0579955824,0.792690338,1.2416150323,0.0870599797,0.8336683455,0.412929612,0.3808409899,0.5135459621,-0.4176179803,0.0154638609,0.8535103214,1.8116971033,0.386986074,0.8900209479,-1.6511157141,1.2920591178,1.3541292209,0.6318949842,0.0360879714,-1.2340451841,1.5004696367,0.1485199401,-0.2543479986,-0.5641583058,0.7684153277,-0.4817123216,0.2295265768,1.0619246483,1.8437222166,0.3861774437,0.1111191218,-0.8812528588,0.5174706709,-0.6944173952,0.0195965476,-0.380275858,0.7681966538
-1.3452314893,0.8809956873,0.66021176,0.7853450607,-0.7381274051,-0.6678466026,-0.8297717397,-1.6658305681,-0.9601640895,1.2662818072,0.3308513597,0.7501124007,0.1867296581,0.0197294928,-0.5427821048,-0.5880832997,2.0424611755,-1.3094333985,1.4212494849,-1.7976765879,-1.093824784,0.0312459281,1.0977641441,0.6927736833,0.1400422169,-1.7032367575,0.1557157527,-2.3338252236,0.5843777736,-1.3861885231,-0.6434493261,-1.5040270915,0.4306746234,-1.2259484303,-0.6024643022,0.3588019131,1.1560632381,0.4910039648,-0.670800881,0.1859296871
1.4507627811,-0.7880507267,-0.2077271627,0.855445918,0.7555277192,1.0106231069,-1.3151888115,-1.0140798,0.0139232535,-0.0241312741,-0.264868315,0.773981213,0.5388398223,-0.1732867621,0.422218348,-0.2738369411,0.9599737056,-0.2844470051,-0.2624654652,-1.6641651715,1.7761671308,-0.2343884944,-0.2868804421,-1.4633108821,0.1201023593,-0.2976528948,-1.2807199498,0.4770876079,-0.0003910754,0.0270520424,-1.4977696202,0.0441522489,-1.1199975195,-0.9601599201,-0.9130493083,-0.4508745758,0.2168679407,-2.409167213,2.4630034715,-0.0543613912
-0.5767635587,0.3893318203,-0.9867766212,-1.4489554121,-2.8539272081,-1.5029732834,-0.8033982539,-0.6853332152,0.9290699045,0.3154402823,-0.1292389263,-0.2242478659,-0.6481937031,0.1697334045,-1.261445597,0.1530358242,0.8202496307,0.1632111839,-0.8007947254,-0.3404744621,1.0401924668,-1.2498889275,0.288116388,-0.1394322773,1.4441212574,-2.1659607637,-0.3181535143,-0.1495965334,0.4234570837,-0.0182810217,1.8133944719,-1.0105767142,1.8234853136,-1.3841115908,0.0782352682,-0.2339000239,1.5458538174,-1.4715022889,0.7446576085,0.6937104301
0.3028154834,-1.5018189683,0.0766427406,0.6516414028,-0.044646468,1.0750134072,0.4658353343,1.8346509662,1.6783841074,1.6923905553,-0.570290474,0.7497387814,0.8592250211,-0.7384571115,1.4059370744,-0.808386543,-1.0891407443,-0.4589413616,0.7268828178,1.8392022588,1.9059710253,-0.4242143207,1.3646170786,-0.7060006446,1.7074313508,0.1519251255,-0.7455537617,-0.0440724356,-1.7053040896,-0.9343746793,0.8369717081,0.3252678895,0.4266506191,1.0941277459,0.8929565947,1.3971747302,-0.5090462374,-0.6928179475,0.0639766819,-0.6362043338
0.4616822625,-0.8017629304,-0.1721750497,-0.0786880125,0.869289896,0.4075686277,0.9216412067,0.844893684,-0.1762233933,-0.1092338314,0.9259252979,-0.9259567329,-0.2482209445,-0.4907094563,0.338956928,-1.1603956717,-0.6161393668,-0.1687154667,-0.8947137032,0.7552688003,0.4802345348,0.7427336102,-0.2291401171,-0.9608006702,0.3366194054,0.8160588622,1.5505340466,1.0436581126,0.811389468,-0.4481277911,-0.1669788232,-0.3744907448,0.9590893093,-0.4134879214,0.0781995776,0.1599560591,1.5901725785,-0.5450341277,0.3927140957,0.412222979
1.1420732043,-1.3854500252,-1.2296522967,0.91560931,-1.1962446254,-0.4420961591,0.787831295,-0.9135407712,-0.9658264799,0.3736059794,-0.0399210984,2.4301035989,2.0242351467,-0.1821103942,-2.1352967037,-1.4714299028,-0.0663455959,2.151660635,0.6210958849,-0.4650272319,0.0748842892,-0.4745092634,-0.6276768644,-0.596461692,-0.829757152,-1.3432961817,-0.8605660268,-0.0074960526,0.9995442307,0.5875713241,-0.6312412821,1.2201813645,-0.7526481908,-0.9108854842,-0.3681750499,-0.5800205108,-0.2558687995,-0.8372242193,1.6134812301,0.089949423
1.2240737089,-1.0375347317,0.8643957518,0.5896141129,-0.013663011,0.4496148009,1.2295647488,-0.8185227041,1.4465710428,1.2363798291,-0.8583242651,-1.5588108912,0.9234855971,0.5022541735,-0.2217962484,-0.3006370377,1.3955684483,1.0807799692,-1.892779139,0.4948687855,0.5169132282,0.2143355847,-0.3956959323,-1.4722689525,0.9735458334,-0.6306184506,-0.3595160613,-1.9977662734,1.7081141462,-0.4315185618,-0.7369444168,-0.3663575779,0.7420517639,-1.1004636225,-0.0045779313,0.7392656272,0.3958392628,0.5251856346,0.5459863029,0.3636306282
-1.3367014008,-0.0538503368,-0.907788996,-0.5403046866,-2.1045335526,-2.2035257432,0.6294565836,0.15327591,-1.7087083764,0.3258490936,0.9698279903,-0.6232652709,-0.8931968445,-1.240992787,0.9519305186,-0.3910332632,-0.5665524724,-1.6846958795,-0.5099061787,0.4269376514,0.2571677088,-1.6606544997,-2.1482588979,0.0304286383,0.1897480529,-0.8338781988,0.2288064025,-0.7233709184,0.9231632478,-0.2604927112,-0.0139578267,-0.5185344615,-1.0803680347,1.5035841979,0.4579307526,-0.7739550433,-0.0695309413,-0.8772245574,-1.3776776398,0.8484378278
1.4456307672,0.5626837479,0.0472042973,0.6582360676,-1.4781491069,-1.2553773168,0.7982528491,1.9267116363,-0.0120774649,1.2856734636,1.0830755069,-0.1423420894,-1.6875065576,-0.8790206504,-0.0515012275,0.1062379393,1.816823522,1.046540208,-1.9381706056,1.4081688412,2.0516795597,-0.4906890926,-0.2899926917,-1.0972542001,-1.7959582286,-0.9797442775,-1.6538417906,-1.6958804141,0.5539169212,1.1618317489,-1.6575145763,0.7782437623,1.9096137514,0.2241232045,0.2906128582,0.342369955,0.2759136741,-0.5139962583,-1.079642303,0.5702193654
-1.5130007147,0.6507101013,-1.1857203309,0.8964256349,1.2668636755,-0.2574201819,0.6128295842,0.3227328013,-0.9117916037,1.0625822972,-0.1089843335,-0.4717443732,0.0988104248,0.746937541,0.6652100251,0.6525364673,-0.0899594204,-1.3964837469,0.7881544264,-1.5083545826,0.7438104517,-2.8177562962,0.6417381291,0.8550362877,0.2668856605,0.9252862023,0.0831669866,-0.7209347835,-1.6370659893,-1.0899333207,0.7498270784,0.3947849705,0.1285478323,1.1248146383,-0.3759301561,-0.2830781148,-0.3569132557,-1.840952984,0.0128397827,-0.8355540282
-0.7485341038,-1.7506163949,-1.5976030425,1.7865020177,0.1604518829,1.5363973106,-0.7019471751,0.886284718,0.1138921223,-1.4389170104,-0.0746487551,-0.2922634524,-0.0405226697,0.6818957608,-1.6951883564,-0.490747951,-0.8946929472,-0.8881972678,-0.3095402951,-0.3289549608,-1.3251760165,0.7546023022,-0.5062244651,-0.8176611333,-0.7843590252,1.5568127178,1.0740211212,0.7618503812,-0.1203989754,0.0836005899,-0.5978312713,-0.2533218204,-0.085827325,1.0308422086,0.0504644961,-0.3858337787,-0.2851746833,-0.1721678383,0.3897968951,0.1523488949
-0.9095186544,2.3005567936,1.1819253107,0.3091052145,-0.3600121524,1.220005655,-0.7027918398,2.0268020283,0.1437676571,-0.889647801,0.6908143691,0.494903136,0.7756787954,0.2181814624,-0.1525984363,-1.1352985188,0.9728207592,0.2446234423,-1.912945918,-0.0817553413,1.2900693473,-0.092180521,0.0324067504,0.3132493707,-1.4913877704,-1.2280008112,-0.0806021063,-0.0673181156,-0.133252249,0.461045786,1.0830956853,-0.5848339762,1.1081397599,-1.2855677979,-0.571331886,-0.0892146399,-0.7389792294,0.3025506862,1.0649182105,0.4952709198
0.1377068568,-1.7157288146,-0.5876505539,0.7946670605,-0.9036377221,-2.2948412208,0.6483441551,0.3740856003,0.1185985273,0.8165576476,-0.9168177207,-0.2537670105,-0.7933066828,-1.034741408,1.7719163895,-0.3693276346,0.9183821652,-1.2709934112,-1.5398878903,-0.4879692775,0.3075209737,-0.5939925882,-1.5624037046,-1.910008424,-0.7111184898,-1.4681354561,-0.7557554324,0.9625025579,0.3225084687,-1.6185315323,-0.967202892,-0.2994754363,1.995164972,-0.6272300946,0.1972707117,-1.1101604972,0.4363933954,0.308925946,-1.1487960669,0.5581959204
1.0363867618,0.8283628769,0.5284949038,0.710999339,1.4417528818,-0.56834488,-1.3159231816,-0.9431749168,1.4598956034,0.9408575548,-1.4804470057,0.0880275227,-0.0445597155,-1.3059723921,0.2629874978,-0.9134260793,1.3327775897,-1.492262245,0.5317114432,-0.152297804,0.2666728776,0.8022178132,-0.2910388153,-0.8686867598,-1.616321498,-0.3158995357,0.3883735862,0.7968072171,-0.1605426219,0.9135965733,0.8069941814,-0.4353864845,-0.3856381032,-1.0178302126,-1.0717377997,1.5255261507,-0.3609337463,-0.3050735168,1.1216435428,0.3619309706
-0.1470695928,-0.8436946093,-1.3980180751,0.2506980451,-0.6031030747,0.2925106295,1.0305694886,0.2996535552,1.7039688201,-0.0501222898,-1.5799267993,-1.1100591033,0.0810041247,0.1248350775,-0.435582463,-0.1600046567,-0.6156713667,-0.8728197422,-0.3597091302,1.8649958018,-1.0938513401,0.2071239331,1.0865569006,0.479391128,0.2396626375,0.6942203061,-0.187863484,2.7546899847,-1.7568735531,0.4078994474,1.1370567135,-0.9498903323,0.8631273859,0.4436281339,-1.225210494,1.1147116705,-1.0964940073,-0.5042097811,-0.085956708,-0.1413193408
-0.7565794345,-1.8729825098,-0.8129069478,-0.5697567021,1.3201227895,1.046679481,-0.7026012677,0.888242837,0.0838644703,-0.353302963,-0.3078633199,-0.4966621702,-0.8287437528,0.5064873951,-0.5634244053,1.4971729106,-1.0806116489,2.1209909067,1.5105302998,-0.1476707439,-0.6520671608,0.8818947322,1.6749412491,0.2164048908,0.2918986877,0.8570592025,-0.7507901137,0.0285533767,0.5590891695,0.1146421967,0.6894119692,-0.4694292793,-1.1070647123,-0.3565484315,-0.2224567171,0.2483874695,-0.5540906384,-0.2691991744,-0.1400641115,-0.8757439246
-0.2430676495,2.0255534283,1.1981600848,-0.708191022,0.7662379277,-0.923902197,0.8080865906,1.1790351708,0.2110511567,0.3403033136,-1.5898079384,-1.767800431,0.9893245822,0.2337923983,0.3914186178,0.3545334246,-1.190409971,0.9809670381,-0.3528790119,0.1709778427,-0.9599834909,-0.180609414,0.0019907007,0.7133350319,-0.2264872698,-0.9655692539,1.9573316499,1.2029515645,0.4718832315,-0.5033558616,0.025536498,-0.0597904052,-0.097751537,0.4068841176,1.4251737069,0.5448014662,1.7731627877,2.1547436745,0.0820385799,-1.3783556817
-0.6323861643,-0.6874973025,-0.8418505767,-1.5303576025,0.7450490441,0.1281757926,0.4816950558,0.3578911478,-2.1800907763,-0.7106231909,0.7771783903,-0.574838522,-0.78636553,0.1795552183,-1.2548556606,0.1490625569,0.2773044982,1.2025288945,1.5984921338,-0.0513057001,1.4810291076,-0.0063930056,0.1115842565,0.688005665,-1.668241081,0.658617986,-0.2687931208,-0.2941749078,-0.9203775109,1.2123201315,0.8397495986,0.2167974803,-0.1284099676,0.4711218557,-0.2320184737,-0.7536559398,0.7452309068,-1.0929695932,-0.8549473516,0.2051471521
-0.8760073438,-1.0562041221,-0.6317150214,-2.3245876023,-0.6856771655,-1.4115370203,-0.4069751739,-1.8815556009,-0.8010672729,-1.4844370847,1.2182418116,-1.1985793536,0.7777126355,1.1663544275,1.3873612803,0.7559062895,0.1860847736,-0.4283883586,0.3320070146,-1.8430539165,-0.2446632397,-1.4805827452,0.4262539113,-0.0607029604,0.990599488,-1.5381302948,0.1854538347,-0.807181817,0.1320526448,0.7122872329,1.1011367239,-0.5158559492,-0.3226148675,0.1094038126,-0.2817920341,1.9452705695,-0.3948570756,-0.0346270227,-0.6537807182,-1.0975109656
-0.4634300962,-1.2870535452,-1.4341699027,0.4794319591,-0.2606587904,-1.3740884104,2.6617224289,-1.5510988084,0.2822924336,-0.3009876213,0.7642797377,-0.5204328646,0.6564407853,0.3679862453,0.8583726667,1.3463615697,1.4203142644,-0.6045411028,-1.1854068612,0.761218998,0.7166138906,-1.3020686919,-0.5989217028,0.1434487614,-1.7947654396,-0.5305799492,1.0131387689,0.2375977609,-0.0769897789,-0.2265975832,0.0155982737,0.0493682853,2.9146446049,2.1196615852,-2.0577230229,0.119292558,-2.0667319709,-1.0862397389,0.6571334779,-0.2162080265
0.2732421193,0.9174072268,-0.0105158441,-0.4958025845,-0.4507351539,-1.4973262024,1.7086973907,0.0305345541,0.6650349014,0.2258973032,-1.3395860593,-0.0201378825,-1.9639018302,-0.1329788085,0.4342696317,0.2042130713,2.1015312475,-0.8094798026,-0.6504648808,-0.5328950902,1.5925522378,0.0663517765,0.4296639354,-0.0685957116,-0.7077278283,-1.1080741919,-0.7232206398,1.3422670308,-2.0383439016,0.6402331703,0.7878648832,0.6851044416,-0.5795983529,1.2180908457,1.5531160061,-0.2175992959,0.0198628278,1.0090556652,-0.0143689181,-0.1897372077
-0.6075402833,1.7631804324,1.251912062,0.1170375302,0.0086228582,-1.4441025004,1.3889430354,-1.2029910506,-1.7834069465,-1.7962149791,0.9228423707,-0.067785433,0.0208428995,-0.7835677212,-0.2360937512,-0.9623335218,1.8470103616,0.3050235113,0.2740591416,-0.2717547091,-1.0284277499,-0.0683038226,0.2124772091,-1.7588095328,-0.1300710708,-0.2385567345,-0.4781387789,0.4330986419,1.1358368277,2.70351112,-0.1226661633,-0.2578167219,-0.8242437584,2.6434408514,-0.0499505627,0.2878362831,-0.4009107485,0.408187363,1.4057245466,0.4679626748
1.1185569559,-0.2102678793,0.3418546132,-0.9161522526,-0.8528444305,0.6058422863,-1.0106679125,-1.7891094414,0.0786922489,0.5019842759,-0.7243238686,0.0588200402,0.3272701987,-1.0189749733,-0.7438731417,-0.0940455905,1.507676971,0.1257235441,0.9918686702,-1.5619728653,-1.1552243485,0.045213597,0.6921164143,-0.0537043852,-0.0648063961,0.2346946244,2.4220738837,-0.5228326442,0.719912425,-0.1097351568,-0.3658559567,1.0626190513,-1.5443993874,-2.161724371,-0.5881344059,-1.7587796797,0.8388446909,1.8923015001,-0.5710472039,-0.4082182366
0.8445754408,-0.8672375074,-0.6802945509,1.6494843314,1.0648552934,0.9991057514,-0.699391636,-0.9191167942,0.7406889343,-2.0698475916,-0.7501362712,1.5991730519,1.8904663892,-1.4152495134,-1.5175326009,-1.7639856156,0.6407256645,1.1555020892,0.5654758088,0.0364299827,-1.4382194225,-0.9362877084,0.9221597299,-0.8963670505,0.9299406445,-1.0977569459,0.0034166304,-0.3013696617,1.3652272242,0.6489077066,1.3197968508,1.1544075078,1.2797903697,0.8727519574,-2.244509878,0.9523581309,0.3725513176,0.8527386229,0.9507995419,-0.3273375643
0.2877582306,0.9415479083,1.3545846739,-0.7109522881,1.5955071265,0.7406736332,0.6726698711,0.4455044151,-1.719683798,-0.7409003037,1.6035765885,0.3050923404,1.3686207054,-0.5092456133,0.5449078501,0.0761466873,-0.8031391882,-2.2468469715,0.1095911586,-0.8631102896,-0.5368266773,-1.8498634662,-0.4458416582,-0.2081268836,-0.1587951424,0.4678795507,-0.4634012524,-1.2656865491,0.8284642681,-0.6537101461,0.057811463,0.1314063102,0.5058945862,1.8703586286,0.5103933204,0.3888591614,-1.1160880351,0.207084018,-0.4836707815,1.2559366617
0.2524364609,0.7203671651,0.1966262752,-1.8189191929,-0.1693430102,-0.876873206,0.4965116223,-0.0014282799,0.4204812808,0.2291901462,0.4951877919,-2.0783130057,0.7551151607,0.0218916578,1.1827545791,1.3611495544,0.9967132187,-1.6726420748,1.2069350051,-0.3266805214,1.4187296674,-0.8574893778,-0.4712629872,0.1699744966,2.2675550952,-1.1385815688,1.1470831407,-0.1082328679,0.0085130701,-0.202172446,1.6578084166,-0.1596762359,-0.6660816543,0.882933159,0.313006957,-2.3644240756,-0.3933501976,0.3088181628,0.3267790284,0.8757345725
-0.6920114058,-0.41248622,-0.7188159907,0.4356490675,-1.6387483025,-1.1849631219,0.6386513953,-0.1191600661,-1.3714863927,3.8711293318,2.0487358146,-0.2843162639,-0.1219553972,0.0935790975,1.1254439194,-0.2822845592,0.8539561234,-0.6633366495,0.5520424247,0.6083635849,1.1425165941,-0.6937166516,-0.6265618507,-0.5546394157,0.1862432672,0.3322482595,-0.5459634226,-0.7895203033,1.1253962332,-2.4044045122,0.2148846706,-0.6529084614,-1.1489390203,-0.3040778662,-1.1856415533,0.6357879842,0.7816942433,-0.6561057127,1.3266438722,1.7013531397
-1.0495329311,-1.816386812,-1.4249710891,1.6984432724,0.0908214284,0.1834567751,-1.458784169,0.3870796058,1.1432738631,-0.7508638397,-0.0111038087,-1.068288509,0.179394273,1.1921508966,0.2413023886,-0.436212632,0.1035261957,-2.0315803115,-0.9220226247,0.8522647095,0.7066088628,-0.2870257944,2.5379982747,1.0391259697,0.4026157223,0.328064759,0.431883951,0.5067702924,-0.1049835351,-1.5413403136,0.2728159358,1.2370321362,1.2358048245,1.1849561335,-0.1160431714,0.1783468127,1.4976880208,0.0348334598,0.4204960508,-1.8329412924
0.6811028082,0.6952128358,2.054726424,-1.2369933269,0.7844003968,-0.6326660392,0.6943615849,0.9144464476,1.449308548,-0.4794110925,-1.6707228734,0.6033293478,1.2563112929,0.652818411,-0.5342403313,0.0798559532,0.6617653633,-0.908828072,0.3454332014,-0.7701196725,1.6350655061,-0.6919680487,-0.0468391866,0.1889657542,-1.1799840821,-0.2860052135,-0.0859187698,-0.226693593,0.2975834988,1.0426935287,-0.855052272,-0.1804738046,0.2888466609,-0.3264124531,-0.9300163198,-0.8986188942,0.8719536152,-0.6691980244,-0.3223375862,-0.3576830783
-0.6836867382,0.1588977275,1.3118450374,0.7053802823,0.5421254553,0.97747101,2.7944682476,-1.4306026869,0.2661079878,0.8212721599,-0.1790189868,0.6389370662,1.2224675309,0.7776536739,-1.4341944433,1.194597685,-0.220937671,0.062970339,0.0279963684,-1.1778259817,-0.6750121705,-1.4375375377,0.9346539382,-0.1340022881,0.9600356886,0.9885710732,0.0312974764,0.3682704292,-0.9702170059,1.2786317415,-0.0867719337,-0.079588444,0.3410383404,0.3773657695,0.6185321294,0.0394282987,0.1770043598,0.7465854424,1.325903039,-0.8913370857
0.9114205311,0.3394834235,-1.3183667863,1.7508060093,0.2394757533,1.1617596159,0.4812566258,-0.3734434464,0.2038353335,-0.6700095416,0.3538067178,1.2240901514,0.2945801941,-0.8330461204,-0.2848316408,-1.2070574357,-0.5382211275,1.7433679355,-1.3909050907,0.7205411225,-0.0522409681,0.83712961,-1.698207638,-1.4985195085,0.3502636788,0.7276039606,-0.7365668222,-0.4781623292,0.667498639,-0.6617870827,0.698349593,-0.5122608977,0.7941047197,1.0096920175,1.8116840082,0.0445709086,0.6166418279,-0.8028232314,-0.9645731343,-0.3069382824
1.5248021696,2.4285249599,1.961701388,-1.1778486311,-0.1173869871,0.356400375,0.9529257468,0.479353483,3.4372558369,-1.4260154396,-2.0375239765,0.222767661,-1.1161609701,1.0591648168,-0.8836720258,-0.6233634836,-0.3624967796,-0.3787735698,-0.5428281349,1.5682911239,0.0840599563,-0.3557418108,-0.7700492903,0.0261759942,-0.3544904033,0.124665027,-0.7647677231,-0.5711549455,-0.8877062183,-0.6457543788,0.8376931442,-0.7902175883,1.1508727952,-0.2599862794,1.2512873095,-0.6084564286,-1.4205983567,0.3129751889,-0.5971149441,1.4010286457
-0.1254027866,-0.3215541734,-1.3766637659,0.4155031676,-0.3603156212,-0.0394412601,0.2364727497,1.0194141472,0.6547063674,1.180647566,-0.0270182562,-0.400024436,-1.6074861634,0.7496385537,-1.2446664795,0.1752263809,-2.288183262,0.4834710299,-1.2882103495,-1.9080661403,1.0896540621,1.0053725349,0.7021832006,0.9671959259,-0.6717867471,1.7497711861,0.1983578912,-0.2711465841,0.6810741611,1.1743663819,0.1157298241,0.0936530071,-0.3788315686,-0.3427970718,0.2725745956,0.1145894445,1.0719497553,-0.4384273997,-0.9684117965,0.3229311891
-0.1301439094,-2.9711782971,-1.675623599,-0.9013939882,-0.4068923183,-0.8038735093,-1.9615821149,0.3419140044,-1.311940347,-0.4182159664,1.9973055211,-1.3093783867,-0.3727181275,-0.0464987629,-0.2447349062,0.9496667647,-0.5141989173,0.155156351,0.3693228186,0.2879229592,-0.6284213378,1.0778030444,-0.2041766954,2.1297099248,0.7567790183,-0.2933249723,0.1676086926,-0.853522019,-0.737358554,0.0788662299,0.5670609462,-1.0088686291,-1.6895376174,-0.8210091792,-0.1530855547,0.3715450687,0.1076019484,1.3573537976,0.2435270943,0.0155220643
-1.105010875,-2.161649712,-1.5569582584,-1.9945906252,-1.1546713666,-1.2866662567,1.0741626289,-1.4063102621,0.4370394172,0.3521411052,-1.4137074103,-0.2811316029,0.5442431246,0.8249140679,-0.3864242078,2.0545463154,-1.0610909229,0.8751057822,-0.3147734307,1.4708500655,-1.5566337196,-0.9425998178,-0.5801835317,1.3525223895,-0.6361334402,0.8752094833,0.9001944521,-0.4118570746,-0.8771061986,-1.6364612031,-0.7356671636,0.0334583472,-1.1263774367,0.8464941007,-0.2002645398,0.0215891955,-1.0509371057,0.1892303219,1.0593763001,-0.2385882178
1.0832040663,0.5956877533,0.7167828522,-0.388843011,0.0001612779,0.4506893334,0.0197232207,-0.2575983456,-2.2827783303,0.7773796367,-0.4191244803,-0.0233579581,1.3351041125,0.8648743955,0.1321318292,1.0016466845,0.2444700852,-0.0578573606,1.02394589,0.9950807902,-0.242627035,-0.0942678003,-1.6174298535,-0.0385065307,1.9575060603,0.334132383,-0.4494629443,1.6675282347,0.1402983538,0.8343891564,0.3986541342,0.6225377313,-1.7172444588,0.0242386768,0.991216346,0.8360898464,0.7218804062,0.0955049794,-0.3495633607,0.4553033406
-0.2097390574,2.6302994247,2.5693246359,0.2026136545,0.7180082745,0.1598059236,-0.5721449572,0.5998093441,0.9531787164,0.2288624823,0.2101773573,0.5763148518,1.1035892986,0.5110421499,1.3039948542,0.6287359962,-0.0726723685,-0.073923961,-1.6195770511,-0.2392467228,0.1112419889,0.3190146879,0.5208353264,-0.2470309522,-0.0288332175,-0.6600501948,0.1118944691,0.8522703109,0.066433363,-0.8979205489,0.7894486163,-0.9031545572,0.2788595075,-0.5319250271,2.6278186005,-0.1123895319,-0.7108079607,0.1027189185,0.4303082122,-1.0788300864
-0.3455129556,-1.2214117861,-0.4091590352,0.0691270782,0.1555694539,0.0161688359,-0.2998538314,-1.4800203186,-0.5436008041,0.6446333739,0.518033016,-0.1428794993,0.0478693775,0.3227763426,0.3569324694,1.8811344287,1.3971904837,-0.721854099,-1.2540704086,-1.5029215745,0.3384725076,-0.8407978166,0.9880478804,2.0457218112,-0.7474614708,-0.9404748782,1.2490840923,-0.4220517665,1.0749262838,-0.9586648295,0.0327976667,-0.8435453092,1.1342179727,-0.6600052894,1.8413156943,-0.2764325732,-1.4371879751,0.134511314,0.5761291316,-0.2165809228
-1.768942483,0.8254530527,0.5412804299,0.9690992965,-1.466282894,-0.7239468572,-0.325597845,-0.9245128588,0.2879871945,-0.0217048983,-0.5626282447,-0.2416050099,-1.1157045207,-1.9578502179,-0.563739311,-1.5140016548,0.1611684955,0.6263763861,2.1156760321,-1.0384019778,2.2431157556,-0.9330426373,1.1924040267,-1.5199893302,-0.5005488616,0.6778416866,0.2775357067,-1.0353052034,-0.2331702707,0.5805646078,-0.2662643521,-0.5550549768,-0.0123157028,-0.4395063375,-0.038391478,0.4041242316,0.2153750671,-1.7188619655,-0.8305734445,-0.0692638871
-0.4968525652,-0.8629727751,-0.9430465747,-0.4342689045,0.3837399192,-0.5633378188,-0.0491928304,-1.2859208222,0.9733214388,-0.8926324128,1.2561604841,-0.7422531121,-0.6751281039,0.3253480423,-1.4566358459,-0.5507410536,0.4257616773,-0.3682474352,2.2036296798,-0.6279455221,-0.6170973735,-0.7133598454,-0.5681572698,-0.7936419402,-0.0272936126,-1.2672051144,0.4377888064,0.3211627255,-0.1226234551,0.7319687917,0.575408967,0.3288937136,-1.5625800546,-0.1101490189,0.5478573933,-1.509712032,-1.0646297649,0.5443368001,0.76421218,-0.2780772762
0.4167768656,-0.7163843694,0.0611544093,-0.8393562661,-0.5447240102,-0.83248358,-1.7335690975,1.4823009743,-0.0090571706,0.3349909964,1.2627459823,-0.812044717,0.9624697756,-1.4372919049,1.1039418946,0.3918522754,-0.2706150895,-0.6787899976,0.5463536452,1.418466076,-0.795019646,0.4104501931,0.5418424654,-1.2861439142,1.2376756767,-0.4856752249,1.6030822746,1.0801928577,0.5572688062,-0.4107639874,0.5515209903,-0.226112451,-0.2591883528,-0.4994055362,-0.5008807298,-1.2251621504,0.6699826891,1.4956775078,-0.0838735224,-0.3543324803
-0.2566722712,-0.7662808708,-0.6676839209,1.7496373369,-0.5723690647,-0.1395665439,0.5669821316,0.2016790443,-0.2289401154,1.2270274349,1.3267362172,0.3022651311,-1.2997739101,-0.2782142728,-1.4551531758,-0.6324459363,-0.2854550459,1.1530507487,-0.7211275709,-0.6860911856,0.0064009182,3.0067978036,1.4481079488,0.6167452153,-0.1701474727,0.3944758258,-0.5352378326,-0.3727164183,-0.571208063,-1.0603433056,0.4789172112,-1.34730453,1.7609263873,0.2765776084,0.7698640523,-1.2090065304,0.034325498,-0.0011885989,-0.6233071411,-0.4145415334
-0.3456561079,0.2707132633,0.4250991759,-0.2073715979,0.9187896234,-0.0942456173,-0.9085031887,-0.5518733967,0.3680030947,-1.3729051705,-0.2259733654,1.4191703391,2.1292963431,-0.1955935656,0.0005629028,-2.1513168664,0.8516122237,-0.7086326518,-0.4477074725,-1.171880132,0.2315866255,0.8534996799,0.1929168235,0.0657547553,0.0888852413,-0.0652091088,-0.7972020083,0.0690225999,0.2360299548,0.1013847233,0.6477172823,0.1903018983,1.6302405416,-1.0822600197,2.211765687,-2.0376753481,-0.1615312483,-0.473179975,1.9132794806,-0.1011181936
